upstart_id	freebase_id	confidence
1	/m/02rk23	0.811214889875
2	/m/01t8sr	0.841746194072
3	/m/03818y	0.808804657761
4	/m/02ldkf	0.808932328004
5	/m/02hdht	0.758377562963
6	/m/01s7pm	0.872394824259
7	/m/02qvvv	0.795457424781
8	/m/02rklk	0.746392661358
9	/m/02w2bc	0.802534308734
10	/m/021l5s	0.797220202289
11	/m/06txt_	0.726878778059
12	/m/02jztz	0.7981580445
13	/m/04bbpm	0.790607383014
14	/m/01nhgd	0.805209587286
15	/m/0pf4w	0.774573102847
16	/m/02fszn	0.925159790449
17	/m/02y9bj	0.788550293058
18	/m/0315d4	0.759399981667
19	/m/04w5hs	0.752298116623
20	/m/0m9_5	0.816169864015
21	/m/01p79b	0.848578488905
22	/m/05d_lm	0.793194425174
23	/m/01sqb3	0.77246283966
24	/m/0pgmj	0.840624008354
25	/m/02hp6p	0.758724736392
26	/m/01jpqb	0.915502288238
27	/m/0cchk3	0.826576285174
28	/m/0gy3w	0.811538815927
29	/m/0kddq	0.874310264601
30	/m/03d639	0.760321342928
31	/m/04bfg	0.838365610212
32	/m/02yxjs	0.839403963939
33	/m/022lly	0.80624106639
34	/m/01hhvg	0.863965456881
35	/m/02xpy5	0.819404424496
36	/m/024y8p	0.893051140121
37	/m/01gwck	0.802938493344
38	/m/02fjzt	0.829395620358
39	/m/03l78j	0.830766561948
40	/m/01_k7f	0.790729928473
41	/m/01q0kg	0.85678198491
42	/m/018sg9	0.820104132729
43	/m/01j_06	0.835164073334
45	/m/01stj9	0.814574202517
46	/m/030w4k	0.746084810532
47	/m/0ks67	0.921725971244
48	/m/01jpyb	0.846339800538
49	/m/01jq0j	0.7626271195
50	/m/02j416	0.806821796431
51	/m/02_7kp	0.870916253473
52	/m/01lczl	0.816525710485
53	/m/03np_7	0.832200531042
54	/m/04pmt5	0.785177177049
55	/m/01h8rk	0.872349339864
56	/m/020ddc	0.824283463568
57	/m/0321m8	0.826682461804
58	/m/02482c	0.79059644431
59	/m/0f102	0.795518503886
60	/m/025yxlt	0.784397133544
61	/m/029qzx	0.790752876201
62	/m/02lv2v	0.789336085882
63	/m/01nkcn	0.818551850576
64	/m/01n_g9	0.846271806732
65	/m/0177sq	0.823961247824
66	/m/02fy0z	0.814288963798
67	/m/01jzyx	0.890942267347
68	/m/05zjtn4	0.859838435462
69	/m/02gr81	0.820822923328
71	/m/03205_	0.757133073173
72	/m/02fgq7	0.787655433736
73	/m/01hx2t	0.849840792479
74	/m/02cn6c	0.767618913051
75	/m/07vyf	0.866247756411
76	/m/01lnyf	0.823468357049
77	/m/06thjt	0.835470581026
78	/m/02dq8f	0.824583424032
79	/m/01ngz1	0.814408755619
80	/m/0217m9	0.845210226265
81	/m/01jt2w	0.866896723521
82	/m/01ptt7	0.851407674614
83	/m/01n6r0	0.849309446366
84	/m/01dzg0	0.857540158434
85	/m/07wlf	0.837814249138
86	/m/01vs64	0.868481652663
87	/m/02mp0g	0.808724740051
88	/m/01wdl3	0.862572222574
89	/m/033x5p	0.763291348259
90	/m/02s8qk	0.763125735505
91	/m/02vnp2	0.869872292025
92	/m/02ln0f	0.826930428966
93	/m/027mdh	0.832297449541
94	/m/01j_cy	0.893633941819
95	/m/01ps1k	0.841000479317
96	/m/02x9g_	0.858032321879
97	/m/01y17m	0.865933665569
98	/m/02d_zc	0.876784860362
99	/m/02jyr8	0.863214131313
100	/m/02l8j1	0.751682357563
101	/m/02mj7c	0.820339884756
102	/m/0225bv	0.845700872926
103	/m/02hp70	0.831521905798
104	/m/09s5q8	0.895804188049
105	/m/05x_5	0.898171341979
107	/m/039d4	0.818618674462
108	/m/02bjhv	0.773717523187
109	/m/07vhb	0.898396090929
110	/m/03jc1t	0.796856518335
111	/m/01pl14	0.8427181396
112	/m/02cttt	0.782280633572
113	/m/0391l4	0.786789990941
114	/m/0146hc	0.835908102102
115	/m/078bz	0.853201829716
116	/m/0jkhr	0.832653162054
117	/m/0221g_	0.821503548098
118	/m/01qrb2	0.900625365208
119	/m/0c5x_	0.87104268425
120	/m/07ccs	0.899007641513
122	/m/02l8qv	0.733349368105
123	/m/01qgr3	0.883743092872
124	/m/07vht	0.89828547965
125	/m/01swxv	0.823929482817
126	/m/02zg12	0.757792115181
127	/m/033x5p	0.820666212693
128	/m/016vf7	0.88678646191
129	/m/01ky7c	0.872155416967
130	/m/01vs5c	0.760727787592
131	/m/01r3y2	0.788415542575
132	/m/02tcv_	0.770937486139
133	/m/02mzg9	0.81628281266
134	/m/01l8t8	0.813605813525
135	/m/020ym6	0.869514728693
136	/m/01f1r4	0.927942407153
137	/m/02607j	0.769585604129
138	/m/0ks67	0.868859256803
139	/m/0187nd	0.882169377499
140	/m/01qd_r	0.915954195416
141	/m/02mt2n	0.831561700247
142	/m/037fqp	0.775162398331
143	/m/01q7q2	0.852701752659
144	/m/0b1xl	0.839753654841
145	/m/01tx9m	0.814312859495
146	/m/03tw2s	0.899391926416
147	/m/01p5xy	0.757547545333
148	/m/03v6t	0.872428346047
149	/m/029d_	0.774186649974
150	/m/0cfv1	0.787151527404
152	/m/01j_9c	0.880910579284
153	/m/01jswq	0.822180344171
154	/m/04hgpt	0.918863130063
155	/m/07t90	0.788399136439
156	/m/01jq0j	0.885675117448
157	/m/02rky4	0.80769625731
158	/m/0hpv3	0.801902142055
159	/m/01jsn5	0.865096885241
160	/m/012vwb	0.797161483478
161	/m/07w0v	0.930182332178
162	/m/05krk	0.827756252549
163	/m/026vcc	0.794928694182
164	/m/02183k	0.87443766005
165	/m/0187m6	0.813304182994
166	/m/025v3k	0.939383597465
167	/m/027kp3	0.814538785911
168	/m/01qqv5	0.789877859549
169	/m/02fgdx	0.843206315917
170	/m/0l2tk	0.73718229563
171	/m/0jpn8	0.822361837124
172	/m/07vjm	0.941645359354
173	/m/0j_sncb	0.867770923565
174	/m/01y1ps	0.794333756542
175	/m/07w3r	0.796042862392
176	/m/01jssp	0.847338179678
177	/m/0lyjf	0.876320328193
178	/m/0187n1	0.808634262111
179	/m/01p896	0.749258985244
180	/m/0kw4j	0.837230964161
181	/m/0gl5_	0.869021417436
182	/m/01yx1b	0.949245556941
183	/m/0225v9	0.815213916495
184	/m/09f2j	1.00906063658
185	/m/01nnsv	0.900506334773
186	/m/049d1s	0.745639654151
187	/m/0bx8pn	0.977452809315
188	/m/01jq34	0.952558524012
189	/m/0bthb	0.788218979231
190	/m/07vfj	0.838771345058
191	/m/0f1nl	0.806065076566
192	/m/0220q6	0.979464989611
193	/m/01hjy5	0.856489372649
194	/m/02zd460	0.967546421384
195	/m/0bwfn	0.926991445278
197	/m/01bk1y	0.84833863767
198	/m/0g8rj	0.795964681647
199	/m/07szy	0.979534754607
200	/m/017v3q	0.890897121645
201	/m/01jsk6	0.855340475794
202	/m/065y4w7	0.931009960978
203	/m/0kz2w	0.775622919085
204	/m/0cwx_	0.847858993737
205	/m/09kvv	0.898951509714
206	/m/01w3v	0.879247967489
207	/m/0pspl	0.863439461377
208	/m/0bqxw	0.79750022711
209	/m/06fq2	0.793826005634
210	/m/012mzw	0.903631174006
211	/m/01pq4w	0.796050541866
212	/m/01bm_	0.850061344293
213	/m/0dzst	0.865374045261
214	/m/06pwq	0.932378513365
215	/m/07tds	0.895802729814
216	/m/017j69	0.854505233882
217	/m/02bqy	0.797834194185
218	/m/0lfgr	0.79017135638
219	/m/04rwx	0.954550061329
220	/m/01w5m	0.938688754528
221	/m/0g2jl	0.921651127754
222	/m/07wrz	0.891843273938
223	/m/03ksy	0.911211928299
224	/m/05zl0	0.878672721057
225	/m/08815	0.896583898333
226	/m/02sjgpq	0.900085796129
227	/m/02s62q	0.84563398707
228	/m/03lcv	0.780575583915
229	/m/017_3h	0.754544452043
230	/m/086xm	0.776132115848
231	/m/01q8hj	0.800602134189
232	/m/01n4w_	0.8012131446
233	/m/012fvq	0.786452251325
234	/m/036__q	0.79823386511
235	/m/0gdm1	0.777509467453
236	/m/01p7x7	0.856338366279
237	/m/0qlnr	0.763667386394
238	/m/03hdz8	0.782770033054
239	/m/0f1nl	0.881339647982
240	/m/0k9wp	0.90948699782
241	/m/02pdhz	0.765113307419
242	/m/01ymvk	0.814707690121
243	/m/0gm4v	0.820294566239
244	/m/04gg2j	0.815666065387
245	/m/016wyn	0.759673291163
246	/m/027ybp	0.966384139039
247	/m/015y3j	0.783898525436
249	/m/01k2wn	0.779296184204
250	/m/02rg_4	0.764182553781
251	/m/0172jm	0.75866078215
252	/m/019c57	0.76063434923
253	/m/01dq5z	0.785826802581
254	/m/0418d0	0.791220895781
255	/m/02gnh0	0.86756177454
256	/m/07ccs	0.899007641513
257	/m/02h30z	0.781801737734
258	/m/02hft3	0.755237777127
259	/m/01c333	0.770861445309
260	/m/07w0v	0.930182332178
261	/m/05q2c	0.763630517247
262	/m/02gkxp	0.789382172773
263	/m/07t90	0.906097234856
264	/m/01j_5k	0.775752963683
265	/m/021996	0.86931629757
266	/m/016w7b	0.753307570556
267	/m/0g8rj	0.882117175223
268	/m/01fy81	0.7260123903
269	/m/03k7dn	0.751613371392
270	/m/01r3w7	0.81828810328
271	/m/0ks67	0.868859256803
272	/m/05qqf4	0.765757661243
273	/m/017v71	0.766752113905
274	/m/03bnd9	0.769855969842
276	/m/01qd_r	0.915954195416
277	/m/01jq34	0.890366455945
278	/m/01d4ry	0.779448941982
279	/m/011xy1	0.876169086404
280	/m/01x3x1	0.860221490501
281	/m/028fb0	0.77743962927
282	/m/03tp8v	0.764159685008
284	/m/020ym6	0.825815987566
285	/m/018t8f	0.793862273318
286	/m/01b1mj	0.755744656129
287	/m/01y20v	0.718666808143
288	/m/02km0m	0.781124538864
289	/m/01jszm	0.766599541286
290	/m/0533q6	0.776453241686
291	/m/01rkgb	0.748165830745
292	/m/01ljpm	0.7775196457
293	/m/022xml	0.762539691199
294	/m/02vlcx6	0.741695856769
295	/m/04tgb	0.734864460281
296	/m/019n9w	0.760814613144
297	/m/01wdj_	0.823145914692
298	/m/02897w	0.750837874806
299	/m/01vcs0	0.738557752389
300	/m/01p896	0.749258985244
301	/m/06bw5	0.763690962421
302	/m/017y6l	0.78486530259
303	/m/02yr1q	0.788594524807
304	/m/01h1m8	0.780926919487
305	/m/01pl14	0.8427181396
306	/m/04_c85	0.736437782847
307	/m/057wlm	0.744636887223
308	/m/03hpkp	0.815898341231
309	/m/021w0_	0.929536380334
310	/m/025rcc	0.77288854226
311	/m/05mv4	0.808193781949
312	/m/0ks67	0.921725971244
313	/m/02zcnq	0.875761628162
314	/m/0438f	0.803271859964
315	/m/02p9xn	0.801128558038
316	/m/01ztq_	0.880198106747
317	/m/01trj2	0.777646602849
318	/m/045hc2	0.780370920768
319	/m/01vs5c	0.877844081175
320	/m/02k0pn	0.849313182828
321	/m/0jkhr	0.895702323687
322	/m/03lpld	0.738497441915
323	/m/0160nk	0.825900837292
324	/m/02dq8f	0.824583424032
325	/m/03y5ky	0.762980391207
326	/m/046lcl	0.748291936438
327	/m/01rc6f	0.85281026633
328	/m/04cnng	0.792655212892
329	/m/02hp6b	0.763448332659
330	/m/05mxkp	0.746346522399
331	/m/01rgn3	0.751401447665
332	/m/08815	0.798210846283
333	/m/01r46p	0.753938728096
334	/m/06blg9	0.745753713648
335	/m/0321m8	0.826682461804
336	/m/01cf5	0.788221568734
337	/m/01848s	0.792695315267
338	/m/01qgr3	0.890280404552
339	/m/03fgm	0.760105201273
340	/m/02rv1w	0.89658356864
341	/m/0k__z	0.89612476807
342	/m/01r4c_	0.775243690659
343	/m/02h7qr	0.763711661261
344	/m/02l424	0.80267915955
345	/m/02k0gt	0.746263495848
346	/m/0bx8pn	0.977452809315
347	/m/02dqw8	0.750977545854
348	/m/03xp2d	0.745271548051
349	/m/02dg2q	0.741016672897
350	/m/06jk5_	0.771505147651
351	/m/05krk	0.797575495979
352	/m/05zl0	0.901371738919
353	/m/03jc1t	0.796856518335
354	/m/0trv	0.9002248733
356	/m/07t90	0.799341217864
357	/m/01b_hz	0.810100053716
358	/m/0187nd	0.882169377499
359	/m/01r490	0.739768936639
360	/m/031vm7	0.814005087727
361	/m/019dwp	0.893462511246
362	/m/02hdln	0.784435636183
363	/m/0271vt	0.774751180744
364	/m/02kbtf	0.787057172579
365	/m/03l6bs	0.747453247402
366	/m/013807	0.847983131086
367	/m/02tcv_	0.770937486139
368	/m/01qwb5	0.761029581534
369	/m/02grjf	0.74929120524
370	/m/02x9g_	0.879499953169
371	/m/02pptm	0.900049587688
372	/m/039ccc	0.724790500917
373	/m/021_r8	0.789651291331
374	/m/01gc1n	0.859413888452
375	/m/0148s7	0.732462785741
376	/m/01pdgp	0.791287192243
377	/m/035f9h	0.772733246684
378	/m/01r3vh	0.75469943676
379	/m/03cz83	0.746601219176
380	/m/039swv	0.741892444629
381	/m/01xysf	0.827536923873
382	/m/02p29q	0.746640603927
383	/m/02jztz	0.875906873082
384	/m/01q_z_	0.78842664904
385	/m/01r45j	0.75409774556
386	/m/027b43	0.800414571676
387	/m/01ytlh	0.740775469293
388	/m/02hdt4	0.826064885057
389	/m/037p46	0.74544558491
390	/m/06xp1z	0.770793052688
391	/m/02rmk7	0.736838998898
392	/m/02hjcq	0.796654358771
393	/m/02m8rk	0.695779869114
394	/m/02szcs	0.740150370488
395	/m/03h_qt	0.757123405683
396	/m/02qytn	0.75911072235
397	/m/01g4c1	0.726053075897
398	/m/02gnmp	0.896929805671
399	/m/02482c	0.876132600571
400	/m/01ft27	0.74452264627
401	/m/02gtf_	0.738034213241
402	/m/0c0lfs	0.762054038374
403	/m/02x9cv	0.846372710799
404	/m/023541	0.747230792892
405	/m/02hdrq	0.812537939979
406	/m/04_zf1	0.776890584176
407	/m/0187m6	0.813304182994
408	/m/0kf7h	0.802930438577
409	/m/038czx	0.752261190854
410	/m/014m86	0.750112754914
411	/m/02hsfj	0.796246278341
412	/m/01_r9k	0.758284374426
413	/m/08slqd	0.630996507704
414	/m/035ktt	0.813598561609
415	/m/01vs3p	0.867373067277
416	/m/02brtj	0.778807577568
417	/m/0hd7j	0.849070531739
418	/m/039l1r	0.794150572546
419	/m/02zccd	0.821557716971
420	/m/02m6__	0.689556355701
421	/m/02lvvt	0.684387213532
422	/m/0fcps	0.742965429741
423	/m/022fj_	0.828320892284
424	/m/02hkrz	0.7828963275
425	/m/02qdk1	0.612306959005
426	/m/03cxzh	0.740333989916
427	/m/023zxl	0.788379854686
428	/m/030_7d	0.754084621297
429	/m/033w8f	0.845759522977
430	/m/01r49t	0.826906070444
431	/m/021x6t	0.828437033512
432	/m/030klw	0.825916459434
433	/m/030w19	0.746474536962
434	/m/0cbg_1	0.810570568103
435	/m/02k5ct	0.70637857066
436	/m/03hdnd	0.785448356255
437	/m/0g3crz	0.733322136256
438	/m/027ydt	0.788961226283
439	/m/01r47h	0.795709807806
440	/m/02c6zl	0.742573760203
441	/m/05jm__	0.828702042613
442	/m/01_j57	0.783539649301
443	/m/037q2p	0.814745828008
444	/m/0lwyk	0.809356745726
445	/m/033wbb	0.81588619427
446	/m/045cnw	0.752101600238
447	/m/02rl14	0.774980205806
448	/m/01b_8n	0.799165900138
449	/m/079rtz	0.727832268427
450	/m/054tfy	0.702186051312
451	/m/035dnq	0.749654309492
452	/m/02sn03	0.787341550966
453	/m/034rrk	0.743862046193
454	/m/02m979	0.68513114227
455	/m/01bm_	0.781769017456
456	/m/01qdhx	0.761890242401
457	/m/0325dj	0.757851857275
458	/m/04bnrc	0.804646000053
459	/m/029ffd	0.722187358938
460	/m/03ct0t	0.741655928306
461	/m/047gcj	0.767898752454
462	/m/0clvs5s	0.703761706521
463	/m/03lsxw	0.74124161538
464	/m/02t4yc	0.810425052452
465	/m/0lk9j	0.800088477488
466	/m/04ymwf	0.785584000496
467	/m/05smk0	0.737005208691
468	/m/0p_88	0.772055589107
469	/m/02cvcd	0.848942654071
470	/m/04m7y7	0.730496820396
471	/m/01_lm9	0.745248470727
472	/m/02fs_d	0.815211667625
473	/m/05sh1q	0.769399376153
474	/m/033w7d	0.819109666963
475	/m/03_vd1	0.76802263027
476	/m/050vch	0.769043096994
477	/m/02k58k	0.604069536085
478	/m/03fpc4	0.648310103536
479	/m/05206m	0.776935690595
480	/m/02q253	0.766739342214
481	/m/05d4w3	0.780606620624
482	/m/062syj	0.725910844234
483	/m/02zy1z	0.746994480338
484	/m/0386jx	0.779466050731
485	/m/03wy83	0.77277238905
486	/m/02ss0n	0.785563903925
487	/m/0644g0	0.768678995358
488	/m/01qv9m	0.793039298411
489	/m/01p9s3	0.827920955346
490	/m/03wv2g	0.765635596882
491	/m/03j8fq	0.715509937039
492	/m/05hgkc	0.746124998755
493	/m/03qzc6	0.785403336629
494	/m/03x95b	0.736509285767
495	/m/01_s9q	0.754845354492
496	/m/021d_g	0.784385770714
497	/m/0164_s	0.803158207373
498	/m/0bfmmm	0.750841267463
499	/m/02hscq	0.777652488935
500	/m/069vxk	0.724060662847
501	/m/02k597	0.673085408068
502	/m/02tn09	0.727366889691
504	/m/01v7f3	0.774736928942
505	/m/01r3rh	0.724117536152
506	/m/028jrm	0.740919970215
507	/m/032k8z	0.78252242015
508	/m/01sf82	0.791622054462
509	/m/038rkt	0.732454434657
510	/m/06wqzm	0.543182810781
511	/m/01bcxh	0.784305881326
512	/m/03km_f	0.789629618018
513	/m/02594s	0.852084303967
514	/m/04zjgd	0.815739053716
515	/m/051mmb	0.783966653567
516	/m/067qy1	0.768877860986
517	/m/035h0v	0.738543353223
518	/m/02w25w	0.732008901883
519	/m/03x1s8	0.789982919471
520	/m/0b2n6	0.741496600666
521	/m/0131wy	0.736046208462
522	/m/06j66k	0.757388282476
523	/m/04bzll	0.741496749858
524	/m/01fp3w	0.783079405546
525	/m/03vbd2	0.762452318143
526	/m/03x1yn	0.801131075975
527	/m/017y6l	0.713082885987
528	/m/056pcb	0.723910092648
529	/m/049zxj	0.796768321916
530	/m/02hf_9	0.82938476749
531	/m/02k4vy	0.833767315136
532	/m/0ghvb	0.800440264364
533	/m/07bzm5	0.83970781933
534	/m/04mvgc	0.741409120185
535	/m/0718b	0.727986205768
536	/m/03gsyj	0.804988919219
537	/m/02hg0g	0.76991205909
538	/m/02hg0t	0.776345365872
539	/m/046gqv	0.618232001474
540	/m/02vs6r	0.63058929649
541	/m/02hg3b	0.83488295376
542	/m/035fgg	0.807095052604
543	/m/02l8v_	0.787292379185
544	/m/01xssh	0.729289041734
545	/m/0573vv	0.840830617713
546	/m/05w45b	0.850437590289
547	/m/052wq2	0.805690560791
548	/m/07w82	0.766298774539
549	/m/06n8yt	0.662556753754
550	/m/01fsv9	0.791909232771
551	/m/03x2gs	0.801215852163
552	/m/03x23q	0.798937017451
553	/m/024ps2	0.738783672037
555	/m/03b4j2	0.736471309478
558	/m/02dq8f	0.819367526553
560	/m/05r6g2	0.776602953908
563	/m/01bzw5	0.743348680917
571	/m/06l32y	0.748852885522
574	/m/065r8g	0.84375359721
575	/m/08vg87	0.701805805629
576	/m/03ys0n	0.758096098362
577	/m/02gnrt	0.761162745219
578	/m/02y12s	0.775705473951
579	/m/052nd	0.829324123076
580	/m/02cvcd	0.848942654071
584	/m/06t577	0.792118747112
585	/m/037q_b	0.781310979575
587	/m/04zw6b	0.724579173278
590	/m/015fsv	0.825351563941
591	/m/02zk_8	0.818239888571
594	/m/02tm_m	0.781978640175
595	/m/0558_1	0.790307374985
596	/m/0323zy	0.778695964981
597	/m/0xxc	0.753160420108
598	/m/0gfvt	0.76484685545
599	/m/03yrx2	0.7394362425
600	/m/06zt8n7	0.765052331677
601	/m/0276ypf	0.730813085433
602	/m/05bwdk	0.748981395748
603	/m/0379z0	0.744355182675
604	/m/06b0j9	0.733505920075
605	/m/02p6pp	0.729291717002
606	/m/01ynz2	0.74286410017
607	/m/029l7j	0.746589314689
608	/m/0clvnks	0.674367621656
609	/m/08sb5n	0.716962228737
610	/m/0810kg	0.768017250209
611	/m/0bqwwm	0.714448196454
612	/m/04mqmn	0.715690589297
613	/m/05cljw	0.70552772431
614	/m/0277lfy	0.738388571804
615		0
616	/m/07f5b8	0.761459715278
617	/m/08d_bx	0.76859739094
618	/m/05ncd0	0.752675052102
619	/m/0b4zyp	0.79832690556
620	/m/027s_f	0.748117579113
621	/m/01z1zz	0.820754153605
622	/m/02dgq2	0.815269682957
623	/m/0bdjxk	0.766404936715
624	/m/041j50	0.784323536314
625	/m/0gbwh9	0.702213890527
626	/m/01q8bp	0.711743177965
627	/m/04yqs6	0.624798270925
628	/m/03rq29	0.775243714379
629	/m/0498r0	0.750703154737
630	/m/064qf86	0.688595237487
631	/m/04rptf	0.728099556472
632	/m/01rgdw	0.803441631185
633	/m/048nry	0.588036957199
634	/m/066pm6	0.526864759727
635	/m/05m3m3	0.737621576583
636	/m/0fckyk	0.721571335098
637	/m/09054g	0.744443716095
638	/m/03fxrx	0.769151364544
639	/m/0flwm0	0.744658170306
640	/m/05whf8	0.798926926079
641	/m/0bwb0h	0.750016528425
642	/m/01b7lc	0.831388812628
643	/m/066xpy	0.739084001375
644	/m/0clvlhl	0.7259553594
645	/m/041464t	0.727227128388
646	/m/08_21s	0.744496170918
647	/m/0clvtkx	0.732226677512
648	/m/01fk_g	0.737047546007
649	/m/04ybxt	0.746824318934
650	/m/0354p8	0.735440319982
651	/m/02183k	0.778197504182
652	/m/05ytbh	0.761753871911
653	/m/01jj9t	0.748346956415
654	/m/045_qg	0.626600136975
655	/m/09r683	0.727278729794
656	/m/02zfm8	0.812417764659
657	/m/09lrq1	0.766057064118
658	/m/0bkw7t	0.720298902209
659	/m/0bybhz	0.71849439259
660	/m/0g1bgg	0.723140287046
661	/m/0clvq2y	0.726199845438
662	/m/03nbwm	0.738501409318
663	/m/05136r	0.759363205516
664	/m/08xlj4	0.737940439821
665	/m/0bycb2	0.756593188384
666	/m/071kzq	0.72582291816
667	/m/05qht0	0.747701667504
668	/m/06zld22	0.763458879923
669	/m/01pcj4	0.77810477249
670	/m/017f70	0.76989005336
671	/m/09kc3x	0.719455824876
672	/m/01ym0s	0.722552752635
673	/m/01vc5m	0.757394392369
674	/m/0clvmfg	0.677129793712
675	/m/0cfrlz	0.751306230152
676	/m/02q6s8y	0.738174167744
677	/m/043pq8	0.742808818192
678	/m/04zxv42	0.704889106015
679	/m/08qpcx	0.727627856772
680	/m/01b1n6	0.654086468152
681	/m/08nv9_	0.734370778134
682	/m/05dgsg	0.727045530589
683	/m/0clvxbt	0.626495126548
684	/m/06q5qh	0.76792881659
685	/m/03b22g	0.777484321046
686	/m/06r7w7	0.728531976833
687	/m/02w7z0	0.735099387563
688	/m/06dk9b	0.731909862178
689	/m/01mrz_	0.761568295426
690	/m/041pc1	0.723287009708
691	/m/02m0b0	0.7488686004
692	/m/02jw3n	0.748010450308
693	/m/0dgsbz	0.726040913474
694	/m/0dgsbz	0.626888446279
695	/m/02g839	0.841070782205
696	/m/04ly5_	0.620445387004
697	/m/02_y3f	0.633071520865
698	/m/028q6g	0.739876130249
699	/m/03gc98	0.58919457194
700	/m/02qdk1	0.751345301367
701	/m/02n63s	0.778060078427
702	/m/05k9r	0.788750274761
703	/m/04p2fb	0.746706043501
704	/m/074qs3	0.787058087123
705	/m/089sw5	0.716727630598
706	/m/0clvmp_	0.715440338343
707	/m/01r3q2	0.719416810143
708	/m/04vzlp	0.784447291363
709	/m/01fsvn	0.737111076937
710	/m/05lly5	0.716461314334
711	/m/04l6zv	0.750723262512
712	/m/08h3g3	0.721427691236
713	/m/04qw_y	0.70336210982
714	/m/0clvpvv	0.758570115332
715	/m/0clvpwh	0.729526225244
716	/m/02hq70	0.771154051567
717	/m/01yqqv	0.772100616196
718	/m/0gls7b5	0.690386072315
719	/m/02x30g6	0.714131174824
720	/m/05k59r	0.729526311887
721	/m/07jnq6	0.711732346661
722	/m/09fgnr	0.718586326805
723	/m/0c3408	0.745040896511
724	/m/0bshff	0.75409000974
725	/m/0d0hcd	0.704549461905
726	/m/02hr88	0.731290657577
727	/m/035p0k	0.700625068751
728	/m/02k2k5	0.853945779452
729	/m/02nf69	0.876918605265
730	/m/0234p2	0.754071976257
731	/m/05cj27	0.713946186193
732	/m/02qkqty	0.733526485323
733	/m/01g7_r	0.812023223369
734	/m/0cjp64	0.751769089392
735	/m/02m0jc	0.706776214886
736	/m/03hm4s7	0.751588726051
737	/m/05_g5z	0.724884931328
738	/m/08zb5k	0.612144976385
739	/m/02zd460	0.768839998819
740	/m/0473m9	0.819423757561
741	/m/03sr59	0.784373845701
742	/m/015zyd	0.841746590547
743	/m/024nfp	0.772153698718
744	/m/033w6q	0.762270074209
745	/m/033w82	0.821835607763
746	/m/033w93	0.846675967271
747	/m/064b41	0.779589316269
748	/m/025yqr_	0.768012361457
749	/m/08h7d0	0.712447360085
750	/m/07tg4	0.774227872576
751	/m/03j0mh	0.730769770911
752	/m/06r8w8	0.749950454006
753	/m/05_xzh	0.731570180895
754	/m/02fgth	0.760731669208
755	/m/04nbj9	0.736403346119
756	/m/045mcb	0.735755620202
757	/m/04j0sg	0.705213075179
758	/m/091tzl	0.757645218539
759	/m/043r19	0.705976533227
760	/m/01dq0z	0.789451280898
761	/m/043pxz	0.74511112566
762	/m/04_tfk	0.717190849415
763	/m/03k_nm	0.738939086127
764	/m/03k_nm	0.743627900641
765	/m/04r3nv	0.748357902529
766	/m/01lm5g	0.742298752937
767	/m/02m0n2	0.76144727515
768	/m/0979qq	0.732938911838
769	/m/0gtc94	0.713999959391
770	/m/0ctlf5	0.757410628526
771	/m/038hyp	0.731463511947
772	/m/045cnw	0.788693448499
773	/m/0bwn_9	0.734815649077
774	/m/07w91d	0.725875954924
775	/m/029x9w	0.736738174911
776	/m/08lkxz	0.762269016954
777	/m/077wwj	0.671018851923
778	/m/05th6q	0.785800549345
779	/m/0kf8y	0.785851952415
780	/m/04344j	0.754082627044
781	/m/01xt68	0.762478296553
782	/m/0bjhg4	0.748264613647
783	/m/036h3c	0.761847322422
784	/m/02mds5	0.727153376121
785	/m/01bzs9	0.761475599492
786	/m/04p_hy	0.778229344172
787	/m/05sfz3	0.80851240868
788	/m/02j05b	0.774670139862
789	/m/0m49v	0.731303600093
790	/m/04sg5j	0.759420131241
791	/m/01kkxg	0.764442390495
792	/m/05hfr5	0.781530917966
793	/m/0c42mx	0.720935177246
794	/m/05d0s8	0.724379725455
795	/m/03_3qn	0.710712400187
796	/m/02dc89	0.766477892639
797	/m/03m90h	0.779211918914
798	/m/0b41c_	0.751104515557
799	/m/03hk1nt	0.75709899242
800	/m/0clvw_n	0.749201080909
801	/m/06r7yc	0.723880234139
802	/m/05cps0	0.766540511693
803	/m/02l8j1	0.72187330658
804	/m/066sw3	0.765423092858
805	/m/0bx7zv	0.777602436794
806	/m/0c74cq	0.742369942391
807	/m/0dz693	0.707704308786
808	/m/0clvqj8	0.729338847945
809	/m/05r6r4	0.756654828747
810	/m/06mvyf	0.7674330385
811	/m/02qp20	0.734161274107
812	/m/039npp	0.724029271724
813	/m/09z_cn	0.759386609799
814	/m/04ysxx	0.754812617106
815	/m/02l_fs	0.736417732953
816	/m/025zb9w	0.778160663325
817	/m/052nx	0.60467980306
818	/m/03fq2s	0.749460318187
819	/m/0cfrl8	0.775723654167
820	/m/0ft4_4	0.653679281052
821	/m/06kjhz	0.764128158631
822	/m/01r3ts	0.659032212637
823	/m/025yqr_	0.727094830288
824	/m/01clyb	0.733383966178
825	/m/06vrvp	0.765851100883
826	/m/04vc9b	0.786861527146
827	/m/0268cl	0.717850275765
828	/m/02c9dj	0.844362330535
829	/m/0c2bq8	0.69395517372
830	/m/0c_5g9	0.755373572205
831	/m/0d17b8	0.649582552403
832	/m/03frjr	0.633882357714
833	/m/0cp9z9_	0.70737652488
834	/m/01w5m	0.787105192791
835	/m/0bfy1v	0.783063814005
836	/m/02zjkd	0.771824793054
837	/m/0clvqk4	0.684466794371
838	/m/044ksv	0.728916462206
839	/m/0brwpd	0.601287533019
840	/m/03pdkj	0.580222479688
841	/m/04nrt9	0.632978343563
842	/m/05t1hx	0.621730777994
843	/m/09hh3g	0.662033622578
844	/m/05l0sm	0.772336647777
845	/m/0bsnm	0.641651890707
846	/m/0gdp4m	0.761003382487
847	/m/06ctkk	0.754565640987
848	/m/03xmw7	0.76124727246
849	/m/03n_9g	0.763660867761
850	/m/06rpcp	0.721443869149
851	/m/042kqd	0.774848824631
852	/m/0cqk70	0.661844467549
853	/m/07005y	0.789416246468
854	/m/04dg58	0.722132323781
855	/m/01d6j2	0.766232244705
856	/m/033yz0	0.720870448956
857	/m/0clvqjh	0.669894606249
858	/m/037njl	0.78186089522
859	/m/08jsc3	0.699071727365
860	/m/066zpm	0.709436291238
861	/m/036921	0.787278686933
862	/m/025yrb6	0.753496419378
863	/m/02srgx	0.739657949381
864	/m/02g0gf	0.740506068124
865	/m/01vg13	0.759239706593
866	/m/02301	0.76526979491
867	/m/01vg13	0.406592742513
868	/m/03qdm	0.75392953749
869	/m/01vg13	0.406592742513
870	/m/02g0hn	0.751472484402
871	/m/01vg13	0.406592742513
872	/m/01vg13	0.406592742513
873	/m/01t0dy	0.768929655279
874	/m/05cfh4	0.750008643228
875	/m/018s2g	0.726670203228
876	/m/02htv6	0.793151563038
877	/m/02jjq_	0.7084647053
878	/m/02f_21	0.718818088047
879	/m/01xysf	0.783180290856
880	/m/05b5st	0.757062735823
881	/m/02dj3	0.798041135148
882	/m/04c80b	0.769797147911
883	/m/0b0xlq	0.739596480249
884	/m/084bcb	0.7518180492
885	/m/07xwnp	0.745299344428
886	/m/04dg6r	0.729943201169
887	/m/04lr6w	0.755140586733
888	/m/07dxch	0.69570910494
889	/m/09gnlt	0.764201204712
890	/m/04pqhy	0.719504050063
891	/m/0dkm5r	0.721672890503
892	/m/08mpw4	0.753362263072
893	/m/062gv8	0.783838016961
894	/m/04mkhx	0.703297535017
895	/m/0b1h9w	0.726210797578
896	/m/02gnjf	0.748581138787
897	/m/04hbs8	0.760984951509
898	/m/035f0z	0.734659294221
899	/m/040szz	0.717265290061
900	/m/05f33g	0.800932779997
901	/m/0d2tq7	0.735018669046
902	/m/02w_ztn	0.710975388683
903	/m/06w42j	0.726831428942
904	/m/04ldh9	0.761449723473
905	/m/05zj94x	0.689525132517
906	/m/05bnt0	0.726434808942
907	/m/02xrgl	0.738774647479
908	/m/02ndxb	0.735885299353
909	/m/06hjyr	0.765403458538
910	/m/08j56l	0.80430810811
911	/m/02_cx_	0.815509521253
912	/m/01vswj	0.781213667465
913	/m/0931dk	0.743302390602
914	/m/02zkdz	0.790027961959
915	/m/04sfvr	0.761098403616
916	/m/068mvx	0.800438261572
917	/m/0705q7	0.76782000033
918	/m/0b__gfv	0.785326902023
919	/m/021_sb	0.790007815679
920	/m/046w9n	0.74129449097
921	/m/03d0khc	0.710137166153
922	/m/05tjs0	0.723532879446
923	/m/0562pb	0.777164590019
924	/m/01r4ld	0.75532805828
925	/m/092k9l	0.758339053812
926	/m/0279l1	0.788844035341
927	/m/04bxpc	0.73624802137
928	/m/049619	0.735451916743
929	/m/0309zk	0.729387054013
930	/m/03y5m9	0.765823542481
931	/m/047mw35	0.79928782982
932	/m/023znp	0.777440445064
933	/m/01k8q5	0.75508760704
934	/m/01tt9j	0.575687205492
935	/m/08n3dt	0.730337971458
936	/m/02ryrw	0.770967121613
937	/m/026v92	0.781733791886
938	/m/07wk_d	0.732397747273
939	/m/039nkq	0.725680835428
940	/m/043smz	0.743635011238
941	/m/0342f3	0.730636246211
942	/m/052vz1	0.724658930632
943	/m/0clvjvm	0.698514804593
944	/m/05b4lrs	0.695420420165
945	/m/037shf	0.731483942172
946	/m/04l6xb	0.766944608505
947	/m/08nrvy	0.809643755184
948	/m/02r5s2	0.618587976112
949	/m/02lwv5	0.82305579059
950	/m/02ldg9	0.769769992525
951	/m/01r42j	0.714768550991
952	/m/01gc40	0.788085159374
953	/m/06_xxb	0.726757371947
954	/m/046l73	0.716216716157
955	/m/04b2nf	0.71414191089
956	/m/019_6d	0.749824255006
957	/m/038gl6	0.695990447727
958	/m/03276x	0.751142470873
959	/m/01np7l	0.735656835499
960	/m/04c28s	0.738199938292
961	/m/0j_sncb	0.737550941232
962	/m/03shjm	0.751328372102
963	/m/05_x6n	0.781123860762
964	/m/03wwjs	0.75431050677
965	/m/04nrn8	0.717296381445
966	/m/05jm1m	0.79682239052
967	/m/04sqr6	0.69884984179
968	/m/03v493	0.762232206903
969	/m/0311kc	0.763513839447
970	/m/0h7gjn3	0.735646098729
971	/m/06rkfs	0.814404227699
972	/m/069jvk	0.730775802812
973	/m/0970c1	0.743611472162
974	/m/0984vx	0.724794982032
975	/m/01cbvr	0.806593558547
976	/m/02bpkm	0.760211727517
977	/m/044ldd	0.761443004037
978	/m/05bv94	0.72705026504
979	/m/02hjpn	0.776633927314
980	/m/01952x	0.754011887822
981	/m/02zr92	0.737143977399
982	/m/06w570	0.779592795932
983	/m/03f9l	0.739225286918
984	/m/01rbg7	0.749057846318
985	/m/04x2ct	0.797042375112
986	/m/08d73n	0.717592623281
987	/m/06snn4	0.722129696578
988	/m/03c02c	0.794199013494
989	/m/08qjkr	0.778673348637
990	/m/01r44g	0.753529786096
991	/m/04l7wv	0.753456134233
992	/m/026xg3k	0.73948425644
993	/m/02m0sc	0.733448390814
994	/m/01rt5y	0.771240029353
995	/m/0649kb	0.752323177025
996		0
997	/m/042m_h	0.754541760831
998	/m/06fmby	0.724285287643
999	/m/037lzp	0.729611882672
1000	/m/04hxv3	0.743448994005
1001	/m/09kwc6	0.76162700647
1002	/m/0gf1ck	0.737452066651
1003	/m/09bxtf	0.70019550746
1004	/m/07gp_k	0.789342927244
1005	/m/0848cz	0.742341633699
1006	/m/0g10fh	0.696664796499
1007	/m/02p_5h	0.731761077967
1008	/m/074lty	0.752591067483
1009	/m/02m0v4	0.752795480222
1010	/m/01953q	0.724005877434
1011	/m/01jblh	0.729362845008
1012	/m/025t9z5	0.756938638364
1013	/m/017d77	0.748796758549
1014	/m/04wlz2	0.76464637978
1015	/m/025yq_6	0.69832592174
1016	/m/03pv4p	0.739208943175
1017	/m/07109q	0.778152311547
1018	/m/03klg_	0.738784450756
1019	/m/0d0hk9	0.731472238871
1020	/m/07jfym	0.778921009029
1021	/m/03vllp	0.770114685878
1022	/m/02sl5r	0.744453712417
1023	/m/035l95	0.792529787516
1024	/m/02jmst	0.765366524197
1025	/m/036gyz	0.774288519804
1026	/m/05nhjj	0.730374468687
1027	/m/0pmcz	0.832726396318
1028	/m/0bn4c8	0.709177351247
1029	/m/05j813	0.767803832275
1030	/m/0dplh	0.715611219169
1031	/m/06gg7w	0.703869210079
1032	/m/02l8k2	0.709578775191
1033	/m/01ddxw	0.754984919053
1034	/m/0b17f	0.729641359802
1035	/m/02qw_v	0.835215897583
1036	/m/02qxvp3	0.703891719977
1037	/m/043nj8	0.731861719156
1038	/m/0g1x5x	0.754565979114
1039	/m/02c9dj	0.832725372305
1040	/m/08r5w6	0.756638504324
1041	/m/0c7g9x	0.756226155758
1042	/m/09fff8	0.745387301578
1043	/m/01xyvs	0.726985524375
1044	/m/06f9b3	0.769591722977
1045	/m/084cp4	0.767655972681
1046	/m/09tbsh	0.790821474486
1047	/m/0bwkcj	0.697270816498
1048	/m/07h7xf	0.722554442995
1049	/m/06qrlj	0.75497256476
1050	/m/0220q6	0.757746791596
1051	/m/09c0ln	0.745328259957
1052	/m/017zq0	0.803885104389
1053	/m/04pqkc	0.788141484035
1054	/m/041b09	0.760066257485
1055	/m/04vdjf	0.747834106357
1056	/m/05b9mw	0.753834659668
1057	/m/059lqq	0.756551749082
1058	/m/02jwl7	0.746199876816
1059	/m/04vz9r	0.78438314166
1060	/m/022s82	0.906555280587
1061	/m/09l03d	0.673503242107
1062	/m/0clvxmk	0.786213675637
1063	/m/0clvxp2	0.784578596656
1064	/m/0clvxpr	0.773586430467
1065	/m/0clvxst	0.774253156891
1066	/m/0clvxnn	0.774109421324
1067	/m/0clvxqm	0.772039503814
1068	/m/041j50	0.817477540666
1069	/m/0clvxqd	0.738249575878
1070	/m/0cngqmt	0.798372913957
1071	/m/02qm489	0.724771366184
1072	/m/01smn5	0.754563415096
1073	/m/03pxfy	0.756271957089
1074	/m/03zj9	0.765307196985
1075	/m/03y54x	0.749449897937
1076	/m/0ft5nk	0.737090975691
1077	/m/0hqqd	0.804236918985
1078	/m/017fqp	0.781078338609
1079	/m/06bmr3	0.780049094064
1080	/m/0803wp	0.79756766648
1081	/m/02m0vy	0.753755790474
1082	/m/05cf4r	0.621891660882
1083	/m/04cvp70	0.735177024262
1084	/m/067m9s	0.693459293784
1085	/m/067m9s	0.70944732071
1086	/m/017z88	0.862538238348
1087	/m/0jn57	0.732654607108
1088	/m/03_kf6	0.790146179144
1089	/m/049dk	0.851963315343
1090	/m/0g3rqx	0.748266988583
1091	/m/0dbm84	0.736445780734
1092	/m/0bt09t	0.72607740554
1093	/m/0c06p_	0.704041129788
1094	/m/02pwzz	0.78872987124
1095	/m/0b41vt	0.746073391596
1096	/m/065mwy	0.778406060209
1097	/m/03p2qq	0.761826539831
1098	/m/02r4zzz	0.653000702191
1099	/m/02d3zd	0.715692310151
1100	/m/0gsyr3	0.712711100443
1101	/m/0599x9	0.677235273331
1102	/m/02t20y	0.577066173309
1103	/m/090985	0.656361707774
1104	/m/048n4z	0.780197598692
1105	/m/0cr03v	0.697117478618
1106	/m/06wf4l	0.749582949103
1107	/m/01rr31	0.852377063773
1108	/m/076ngd	0.764438769218
1109	/m/03k6_y	0.721243786823
1110	/m/0ggzt3	0.765417775888
1111	/m/0cbhfb	0.754441976929
1112	/m/05cx_7	0.777214357315
1113	/m/04t8t7	0.801017552018
1114	/m/08t4v3	0.725081522159
1115	/m/0clvmz9	0.716734330462
1116	/m/02xw3x	0.761688092176
1117	/m/04f2nf	0.745421355443
1118	/m/03598l	0.718214987609
1119	/m/02_79b	0.716885742221
1120	/m/01lgjy	0.735031308709
1121	/m/0btx82	0.727508692986
1122	/m/035f2w	0.761256081912
1123	/m/01t8lq	0.750926856908
1124	/m/02wc4j	0.778271545577
1125	/m/07439d	0.774260921862
1126	/m/03dhkq	0.736009096614
1127	/m/0c9xxb	0.751840313612
1128	/m/02_7bx	0.752678143069
1129	/m/046l8v	0.730348407661
1130	/m/0986gf	0.739684058093
1131	/m/01qbqb	0.725387185638
1132	/m/01kgkj	0.783066839145
1133	/m/03p311	0.73998679009
1134	/m/0fxcj	0.787721590111
1135	/m/0c7bsd	0.682740060694
1136	/m/02bpy_	0.773803242019
1137	/m/07xcwy	0.733303342479
1138	/m/07wjk	0.735868809138
1139	/m/02wcn9x	0.601160063895
1140	/m/06rpg5	0.724396479927
1141	/m/026m8mg	0.647061454592
1142	/m/0ym1n	0.751427613304
1143	/m/04lbmb	0.764624635629
1144	/m/03fmfs	0.785637619099
1145	/m/03fmfs	0.801913461923
1146	/m/01z3y8	0.759777933244
1147	/m/058nht	0.758344487617
1148	/m/03bcdd	0.69665212371
1149	/m/09j7m9	0.719408230725
1150	/m/02p36y	0.796751296423
1151	/m/056gv2	0.779484142528
1152	/m/01yp_k	0.741490195005
1153	/m/023dhr	0.74195964384
1154	/m/09538z	0.736117599372
1155	/m/01pl14	0.864938311807
1156	/m/0952mf	0.750501673664
1157	/m/01_qcn	0.781905673651
1158	/m/07yn3x	0.623553178675
1159	/m/01bzw5	0.802751264697
1160	/m/05b66g	0.75102621867
1161	/m/040xhg	0.730017079965
1162	/m/02pjfr2	0.779740560192
1163	/m/049rdj	0.732687293696
1164	/m/02m0y5	0.757599716352
1165	/m/08_462	0.737341354534
1166	/m/02zktk	0.710293620653
1167	/m/08b2fl	0.716107676217
1168	/m/04q8sx	0.725620978736
1169	/m/01ny2p	0.759182356623
1170	/m/05qs7g	0.740340267193
1171	/m/088x3v	0.753942976299
1172	/m/0cfvxn	0.64742111824
1173	/m/0lbfv	0.824440153848
1174	/m/015q8z	0.729985345423
1175	/m/04ftdq	0.766447439172
1176	/m/04sylm	0.788718622977
1177	/m/037sfm	0.742120703944
1178	/m/096dk9	0.761007709241
1179	/m/02vpf9	0.771024195923
1180	/m/03sbhm	0.564623289097
1181	/m/0f1tk1	0.631270814208
1182	/m/07rg6_	0.739639264895
1183	/m/02zb9f	0.754618681383
1184	/m/0jfwq	0.717053184649
1185	/m/07dfv8	0.694616965363
1186	/m/05m9d6	0.745008496161
1187	/m/042d5c	0.74594182572
1188	/m/02zg4q	0.70002464409
1189	/m/03m5h6	0.756208036222
1190	/m/05jw19	0.715720106138
1191	/m/05l0ry	0.714516720529
1192	/m/060bzn	0.770795675472
1193	/m/033s3h	0.733029362808
1194	/m/0bq1cy	0.724191446566
1195	/m/0788m6	0.810148969945
1196	/m/04vwz2	0.779337096019
1197	/m/0cqj1g	0.818572248702
1198	/m/072g9j	0.765372448835
1199	/m/02yrlr	0.743728521398
1200	/m/04p1g_	0.746915658912
1201	/m/0clvm_w	0.736463878099
1202	/m/04pkl7	0.730422606552
1203	/m/02zkz7	0.78705749535
1204	/m/0fqckm	0.720339821812
1205	/m/02jjrb	0.723931834989
1206	/m/03gqp5	0.796918023188
1207	/m/022jr5	0.792889815147
1208	/m/02ck63	0.741675706051
1209	/m/084wcs	0.730190526912
1210	/m/038133	0.729259373844
1211	/m/0clvnmr	0.748395249721
1212	/m/07ymzn	0.637206735332
1213	/m/04985n	0.736676767476
1214	/m/03f43j	0.745467431844
1215	/m/021nbr	0.739468482723
1216	/m/02fgdx	0.783747601138
1217	/m/0fd6_b	0.763446173309
1218	/m/01jlrt	0.76728971756
1219	/m/02kvm_	0.738200656287
1220	/m/061s54	0.831735447132
1221	/m/03mhg2x	0.793668338896
1222	/m/09813x	0.691155689568
1223	/m/07dhtr	0.759989894586
1224	/m/0bv41_	0.740249913036
1225	/m/025y7d	0.559169115167
1226	/m/02zc7f	0.827003992926
1227	/m/02qzh8f	0.727968080942
1228	/m/046lb6	0.717318015879
1229	/m/07k5c65	0.694452478218
1230	/m/08p7gf	0.711523559028
1231	/m/03dywv	0.777826846
1232	/m/071d9q	0.723948933273
1233	/m/09l4v4	0.789860484355
1234	/m/05cdzm	0.7228355654
1235	/m/04c969	0.742262034675
1236	/m/0288zy	0.746849229229
1237	/m/0f2lw0	0.767861918692
1238	/m/03nm0d	0.794021453865
1239	/m/02xw0n	0.848411491775
1240	/m/02xw0_	0.803278424867
1241	/m/027df3	0.768398325396
1242	/m/08xjzq	0.64653222559
1243	/m/01qfbg	0.736323578326
1244	/m/06kjlb	0.755869179726
1245	/m/0bs3w5	0.749432266895
1246	/m/05kb_g	0.795940815718
1247	/m/019pwv	0.832520316241
1248	/m/025z9kb	0.769717216475
1249	/m/05kc17	0.79502381582
1250	/m/02j07k	0.713412651005
1251	/m/06w3d6	0.720237052466
1252	/m/01605c	0.737896587345
1253	/m/03816s	0.721826417276
1254	/m/032kcc	0.845454731909
1255	/m/0n6hp	0.817717903827
1256	/m/01vr72	0.831344899818
1257	/m/05tvkg	0.710862959298
1258	/m/06nzh3	0.740261452889
1259	/m/01flrh	0.775684027641
1260	/m/0919wd	0.784201141494
1261	/m/02pf10	0.741272487676
1262	/m/0sxgh	0.795460726403
1263	/m/0f34v4	0.703442656101
1264	/m/02r5r1	0.671834689543
1265	/m/0cbhgq	0.742977255338
1266	/m/0clvtns	0.683582612065
1267	/m/0clvt3g	0.738352738057
1268	/m/0p7tb	0.79505462038
1269	/m/04cwk0	0.754608303262
1270	/m/02qv5c	0.735465460257
1271	/m/07v8kl	0.665856242068
1272	/m/0616sq	0.756095393806
1273	/m/0b5cvt	0.696900190972
1274	/m/03jsrt	0.771036349578
1275	/m/03jjh2	0.75975646696
1276	/m/06j6jn	0.784739354958
1277	/m/02qn7vj	0.661440785496
1278	/m/07yyt9	0.638505807485
1279	/m/03ffrk	0.728780074244
1280	/m/035n2s	0.731663350681
1281	/m/06397b	0.757219590095
1282	/m/0clw50m	0.745521227554
1283	/m/03gxb4	0.737022081867
1284	/m/08pz2w	0.738519756035
1285	/m/01pxcf	0.816508131773
1286	/m/06lp4j	0.759758383025
1287	/m/08qt8_	0.728317059356
1288	/m/0cwsyt	0.738453179576
1289	/m/0fl8c2	0.733650850784
1290	/m/04_xw0	0.766578184807
1291	/m/06vm1s	0.727488494903
1292	/m/03jpmp	0.747358492895
1293	/m/025r1t	0.77208320923
1294	/m/08sr6c	0.763164110286
1295	/m/031n8c	0.832371040424
1296	/m/03d405k	0.766283871161
1297	/m/0ffkcx	0.772083550332
1298	/m/01r4mx	0.797925695163
1299	/m/08y_qb	0.792469695274
1300	/m/0225x9	0.811712919602
1301	/m/07p7yr	0.807030623346
1302	/m/03cfts	0.832956898828
1303	/m/046lfq	0.729311268083
1304	/m/0d9z4d	0.710619653919
1305	/m/05vbq0	0.715406883491
1306	/m/02j4r3	0.749880352347
1307	/m/02zkw9	0.780039708787
1308	/m/0cp41w	0.721655678926
1309	/m/02z43f	0.784980862763
1310	/m/0269kx	0.846385998674
1311	/m/07nxcp	0.779171745609
1312	/m/0590nq	0.769608610602
1313	/m/07wmdl	0.749536855124
1314	/m/025xlxk	0.758454544387
1315	/m/02k5n5	0.770399250188
1316	/m/02wzfhn	0.716463372466
1317	/m/068q16	0.775640827852
1318	/m/03pjnf	0.774990778093
1319	/m/03p35n	0.778807784832
1320	/m/05gx7	0.790540701142
1321	/m/02x4wy4	0.767225508084
1322	/m/05jk4j	0.762991294789
1323	/m/08qqb8	0.718757663345
1324	/m/074lkb	0.677738394449
1325	/m/04jhhtm	0.787754446038
1326	/m/04g5g8	0.811164712844
1327	/m/03wy3k	0.761142497967
1328	/m/026p2f	0.723491297878
1329	/m/027y36f	0.774109349491
1330	/m/05859c	0.783895609584
1331	/m/019tfm	0.814801358298
1332	/m/04bymm	0.751557482739
1333	/m/06j6wl	0.729368886835
1334	/m/092j8p	0.812837772709
1335	/m/04hybc	0.719737092303
1336	/m/02x60g	0.863117489537
1337	/m/062ns0	0.720250198142
1338	/m/026tkqd	0.749789502384
1339	/m/02g8jt	0.783996520605
1340	/m/04cz4r	0.69022692423
1341	/m/0pb5s3f	0.723726591415
1342	/m/015kpp	0.740117319501
1343	/m/03cjf7t	0.749153794458
1344	/m/05vq69	0.76313373957
1345	/m/06mwdn	0.7410418903
1346	/m/03hvk2	0.792580487145
1347	/m/09qmsn	0.775120876321
1348	/m/0d5jxq	0.762582167643
1349	/m/035wtd	0.787412321003
1350	/m/02662sv	0.751522893869
1351	/m/04d_x2	0.784166828929
1352	/m/04f0wp	0.748254846641
1353	/m/03zz4c	0.723450549846
1354	/m/0330qx	0.770900806551
1355	/m/0799k8	0.71595562311
1356	/m/02rlrtx	0.770394654623
1357	/m/05l0dl	0.843847642024
1358	/m/05cwl_	0.800611528645
1359	/m/011kn2	0.746869014121
1360	/m/0br4tb	0.694534726678
1361	/m/01t4_8	0.766108701656
1362	/m/0ckbml	0.785064463178
1363	/m/0ckbw_	0.763599479619
1364	/m/0ccw5l	0.782369840571
1365	/m/05zz47	0.775948340114
1366	/m/08n1n8	0.737810938466
1367	/m/035774	0.763473377743
1368	/m/0c6sh7	0.718913420959
1369	/m/04ctkj	0.792040095458
1370	/m/026dw21	0.754886147769
1371	/m/01jq34	0.809303516833
1372	/m/080b1cd	0.693131861422
1373	/m/02z4y9h	0.706286276393
1374	/m/02r5ns	0.750407186084
1375	/m/0g5_n5	0.701611587422
1376	/m/088tx8	0.703646317221
1377	/m/06v5pm	0.759376715263
1378	/m/058f22	0.756488308969
1379	/m/08768q	0.775794575769
1380	/m/085w68	0.598888691788
1381	/m/0d1rhf	0.757040490712
1382	/m/06v_pw	0.720392136628
1383	/m/07tds	0.76742241542
1384	/m/0b4v6_	0.747813227728
1385	/m/06xp6f	0.723676294936
1386	/m/04x24m	0.74954109237
1387	/m/04kn17	0.780020707866
1388	/m/02g45h	0.740950002497
1389	/m/02rqrs9	0.689483485063
1390	/m/077v4q	0.802041273888
1391	/m/02srbb	0.769133513818
1392	/m/04ymwf	0.72632595352
1393	/m/021q2j	0.850924894106
1394	/m/0cz61q	0.811267739491
1395	/m/069bq3	0.742221388178
1396	/m/02hp85	0.721473484601
1397	/m/02x2w7g	0.68827829309
1398	/m/07f9lq	0.808475624935
1399	/m/03bmmc	0.833383678437
1400	/m/06js09	0.717950890326
1401	/m/0c1wm0	0.702226100694
1402	/m/04lsvw	0.718004414343
1403	/m/043sg_	0.716956936695
1404	/m/0234_c	0.759466128676
1405	/m/09rppz	0.760827466465
1406	/m/0bp8yw	0.77205919571
1407	/m/08j8x9	0.775804143708
1408	/m/03p37s	0.730943947001
1409	/m/0196sy	0.759929626375
1410	/m/0270c84	0.724985184053
1411	/m/0g_cm6	0.728075719211
1412	/m/0f7s3z	0.734767250031
1413	/m/0bn3hs	0.72058363719
1414	/m/08_n4m	0.647830006342
1415	/m/0clvqq5	0.697701785729
1416	/m/0clvn4k	0.658365912894
1417	/m/06q47x	0.805439071836
1418	/m/03ryds	0.74527682036
1419	/m/0k1k6	0.748285265945
1420	/m/026m0nc	0.739538825589
1421	/m/04510r	0.69773106321
1422	/m/04510r	0.8021806439
1423	/m/029wyv	0.756343478994
1424	/m/036mjy	0.709379890199
1425	/m/0l0wv	0.84423825021
1426	/m/05v84x	0.72153605606
1427	/m/06sgl7	0.755221301705
1428	/m/05j6xb	0.791976949189
1429	/m/04m5kh	0.774318180431
1430	/m/05pc4w	0.75638575313
1431	/m/02h659	0.761022651595
1432	/m/04ztyr	0.795810339271
1433	/m/0fvr_n	0.715776057785
1434	/m/0c0b79	0.718151211078
1435	/m/0clf7n	0.715158317804
1436	/m/074p4b	0.821085749202
1437	/m/0gf14	0.774474303722
1438	/m/03hk0td	0.760735952217
1439	/m/04gz95	0.805018402073
1440	/m/0252ym	0.72130569811
1441	/m/04pvh0	0.757099709757
1442	/m/0780xj	0.775090426504
1443	/m/07vv0r	0.733312819569
1444	/m/02qxg5d	0.667947660069
1445	/m/09j1zb	0.77893048179
1446	/m/01xk7r	0.817977188889
1447	/m/057dm9	0.791419800187
1448		0
1449	/m/027xx3	0.819555149059
1450	/m/02ms6l	0.801454270641
1451	/m/01rtm4	0.823068808646
1452	/m/03jhs7	0.843887538854
1453	/m/03xnjy	0.779948726111
1454	/m/0bjqh	0.859327090758
1455	/m/01hb1t	0.828242691515
1456	/m/06l6nx	0.715851852517
1457	/m/02dmch	0.73687830338
1458	/m/01hyks	0.765125684562
1459	/m/02w26k	0.740095616872
1460	/m/035vyj	0.759355867927
1461	/m/05mgfj	0.736148146009
1462	/m/048lyc	0.735573842798
1463	/m/01jn0v	0.728412470008
1464	/m/0601rr	0.781129635993
1465	/m/073d6w	0.730153275358
1466	/m/01pdf0	0.745868581215
1467	/m/09v50n	0.74471139552
1468	/m/04xkv6	0.734076059855
1469	/m/0h0ly0	0.757221932752
1470	/m/071_8	0.850213495109
1471	/m/06d3n0	0.709312657441
1472	/m/0clvvx3	0.707978463638
1473	/m/077kfc	0.724690446872
1474	/m/035gt8	0.74909821292
1475	/m/04wgdx	0.80903543214
1476	/m/01kvrz	0.793261301071
1477	/m/05cz3c	0.74707504904
1478	/m/025vsqs	0.756320878761
1479	/m/033q4k	0.790287421909
1480	/m/0clvvzj	0.668717092111
1481	/m/02r4cx	0.779529170913
1482	/m/0h6sy3	0.751952969637
1483	/m/039l1r	0.747237125381
1484	/m/02zgk4	0.819833409016
1485	/m/07_pb4	0.793434411078
1486	/m/05d_lm	0.73402508273
1487	/m/03hhs8	0.755313232953
1488	/m/07dr45	0.763339730357
1489	/m/06msjp	0.805272896755
1490	/m/03tmkg	0.794822269758
1491	/m/02f4s3	0.880021331843
1492	/m/04qspr	0.857583817492
1493	/m/06hf4j	0.772194417345
1494	/m/01nyq0	0.799890237836
1495	/m/03x33n	0.826947139333
1496	/m/09j0nm	0.741848448662
1497	/m/02m41x	0.742651310978
1498	/m/0c341_	0.746806434841
1499	/m/03gssq	0.757680023796
1500	/m/02xw1b	0.789718150887
1501	/m/02qdsnc	0.639173708077
1502	/m/04nh9x	0.73852172739
1503	/m/03zl22	0.770531742442
1504	/m/02z8cv	0.728489942018
1505	/m/099dnr	0.736413450621
1506	/m/0dndw2	0.792129486548
1507	/m/048grk	0.745100871134
1508	/m/072p91	0.716431398599
1509	/m/029x7p	0.758902372625
1510	/m/037p_w	0.775946546709
1511	/m/05fs24	0.772034202606
1512	/m/03nsp_5	0.646314381384
1513	/m/02wzy_n	0.730047804868
1514	/m/09w0fj	0.689019618835
1515	/m/02l1fn	0.782221670714
1516	/m/0bv2wv	0.664359358826
1517	/m/0411n85	0.713049665103
1518	/m/05mwtgd	0.767858588026
1519	/m/02xv_z	0.816429940761
1520	/m/01x0jp	0.783006924249
1521	/m/064dyn	0.765412291192
1522		0
1523	/m/064dyn	0.717250499525
1524	/m/09yvtz	0.731648444891
1525	/m/06ykp	0.779747750998
1526	/m/02x0s88	0.690315741806
1527	/m/027h2p	0.723147151752
1528	/m/027h2p	0.82558032558
1529	/m/0d07s	0.858128088809
1530	/m/01g4c1	0.785358812934
1531	/m/01jzyx	0.764826169361
1532	/m/0dpn12	0.66845464997
1533	/m/03p1tb	0.644327930243
1534	/m/02bhj4	0.782046336123
1535	/m/03p1pf	0.747759334828
1536	/m/02bhj4	0.757029766988
1537	/m/02q636	0.786900942414
1538	/m/02ws5h	0.7113461661
1539	/m/08wtb9	0.767231392983
1540		0
1541	/m/0bdfpf	0.743467854265
1542	/m/01tntf	0.795140215322
1543	/m/01tntf	0.792856719657
1544	/m/01q9x9	0.790277292235
1545	/m/05t_dp	0.760251121505
1546	/m/04pmt5	0.740185721594
1547	/m/0m2_n	0.763439668865
1548	/m/08ldcq	0.762313411923
1549	/m/01lckm	0.772415007632
1550	/m/03hf35	0.770507084837
1551	/m/06f0mf	0.728634623769
1552	/m/01r4jy	0.704012584671
1553	/m/06t0hd	0.766984112607
1554	/m/03bcpj	0.780809309485
1555	/m/0l07h	0.719057669112
1556	/m/0460f3	0.767774961737
1557	/m/02zkpf	0.857495691787
1558	/m/058z2d	0.756281359739
1559	/m/04px0z	0.743314647133
1560	/m/04px0z	0.717976815882
1561	/m/016sd3	0.760976362962
1562	/m/04hy37	0.729489695925
1563	/m/04k0bn	0.722447578384
1564	/m/071vbm	0.738709328343
1565	/m/01vrdk	0.754390368304
1566	/m/032c4q	0.791398982046
1567	/m/042nh2	0.712743378738
1568	/m/02r5qq	0.728091889136
1569	/m/02np87	0.722294408188
1570	/m/02q5v6	0.542539302053
1571	/m/02r93z	0.495591021222
1572	/m/02m990	0.729750578428
1573	/m/02m94y	0.690911793958
1574	/m/06_g9g	0.789160496409
1575	/m/02m9jp	0.728091617183
1576	/m/02qfp1	0.730120153075
1577	/m/02qf_b	0.70740055604
1578	/m/0281l_s	0.738935894813
1579	/m/04m5b5	0.739469528561
1580	/m/04sfxg	0.766481121369
1581	/m/05xkdw	0.70364065438
1582	/m/0fl475	0.71647703262
1583	/m/04907k	0.776097654891
1584	/m/02z9p9	0.78881843101
1585	/m/06tsq8	0.749654580903
1586	/m/04c9df	0.782855335905
1587	/m/04y6rq	0.811003779889
1588	/m/04_f49	0.834383784084
1589	/m/04xn1k	0.734031471717
1590	/m/04_f7r	0.824544537748
1591	/m/04_f96	0.763897686199
1592	/m/09yl7p	0.714491464409
1593	/m/0431vk	0.757955694425
1594	/m/02ngbs	0.790474327651
1595	/m/01sj9x	0.854415960442
1596	/m/07533x	0.825113335893
1597	/m/05g8fn	0.768428064231
1598	/m/03bchl	0.694332233045
1599	/m/03qnnt	0.72180144552
1600	/m/07b52m	0.744147560979
1601	/m/08rgnf	0.707560527304
1602	/m/01r4ld	0.799589196688
1603	/m/0l4qb	0.780279357037
1604	/m/0bsmqw	0.75740846852
1605	/m/0glc5x	0.77924623591
1606	/m/02tcv_	0.722989999464
1607	/m/0971m8	0.724973732958
1608	/m/043bb1	0.74600188326
1609	/m/01ln5m	0.746142674578
1610	/m/075lv_	0.72094084691
1611	/m/069xk5	0.736122803169
1612	/m/01mvt4	0.75060181563
1613	/m/0f9jh4	0.65733811773
1614	/m/052400	0.727084886966
1615	/m/04m59d	0.749078967558
1616	/m/0clvmzj	0.744301278469
1617	/m/02qv62	0.728421735655
1618	/m/04f4tn	0.732792919897
1619	/m/02km0m	0.833540911972
1620	/m/03k_7l	0.776761843668
1621	/m/027g83d	0.740986814793
1622	/m/05cf0c	0.738521598727
1623	/m/035g_2	0.587794062478
1624	/m/035h0h	0.58065759504
1625	/m/02ccqg	0.718702519335
1626	/m/0cn158	0.7549771415
1627	/m/0288bq	0.833357386964
1628	/m/0810kg	0.764316712903
1629	/m/02fr_8	0.835514722768
1630	/m/07x4c	0.954653136722
1631	/m/0g8fs	0.904350758328
1632	/m/025ypcz	0.774255525915
1633	/m/02qn4t7	0.709564146378
1634	/m/043p59	0.718089640936
1635	/m/04kn9k	0.681218264048
1636	/m/0cp4h6v	0.536128943524
1637	/m/0277j73	0.716808234546
1638	/m/03m3d1	0.744874525874
1639	/m/02cttt	0.855601120215
1640	/m/0bs_4n	0.73785903737
1641	/m/02txdf	0.766480228155
1642	/m/02wbp_	0.815057841571
1643	/m/02vb0r	0.827014884662
1644	/m/02wbs2	0.752214357288
1645	/m/01k3s2	0.851488698693
1646	/m/05klpt	0.789610237111
1647	/m/04b70f	0.799810505979
1648	/m/07dtym	0.803672252569
1649	/m/07bmxx	0.783051256912
1650	/m/02j2n3	0.742866335429
1651	/m/017cy9	0.883331193845
1652	/m/0mbwf	0.822314903379
1653	/m/04964m	0.780309537014
1654	/m/03cy9t	0.780610275611
1655	/m/03csbd	0.780569600521
1656	/m/04l6rp	0.731575635814
1657	/m/0clvsvy	0.57628705659
1658	/m/08wscd	0.741756562596
1659	/m/06_y75	0.748469783416
1660	/m/02srpb	0.72783423755
1661	/m/01y9qr	0.772662052474
1662	/m/0308mr	0.73843570818
1663	/m/03b1pl	0.769957435005
1664	/m/039swh	0.782104409466
1665	/m/04_7mq	0.79948799327
1666	/m/046099	0.76078003221
1667	/m/06gh57	0.756771403793
1668	/m/024818	0.787199725044
1669	/m/02fszn	0.788667504287
1670	/m/04b_hp	0.646146788429
1671	/m/015q1n	0.877330392383
1672	/m/0dvzs8	0.668205382714
1673	/m/04n258	0.672297850304
1674	/m/0df8v8	0.730317914213
1675	/m/08fg2y	0.652595970946
1676	/m/020ddc	0.794572427676
1677	/m/01trj2	0.724776181622
1678	/m/06l8bg	0.80188499861
1679	/m/02htx3	0.802305243429
1680	/m/02mw1g	0.827168422117
1681	/m/023zrb	0.825559726763
1682	/m/02lqqd	0.819924318583
1683	/m/029_ch	0.772943299285
1684	/m/06bz73	0.754885894789
1685	/m/02qc_4	0.837229147389
1686	/m/02xw63	0.765748019359
1687	/m/01qfbt	0.771500838929
1688	/m/0187m6	0.872860166712
1689	/m/02hp7c	0.724135396838
1690	/m/02_dpx	0.727395297236
1691	/m/0d1rzh	0.789352797937
1692	/m/05jnnd	0.768063306967
1693	/m/05h3ds	0.829182951082
1694	/m/07wkd	0.842710449715
1695	/m/02ldmw	0.794951662816
1696	/m/024gyr	0.805711927823
1697	/m/0jt5nm8	0.781807885296
1698	/m/02x430q	0.750654765901
1699	/m/01qx6_	0.799544125558
1700	/m/011kn2	0.773861402324
1701	/m/04sktp	0.65167787177
1702	/m/07wl2	0.797057636475
1703	/m/0clvxmk	0.72515710052
1704	/m/0clvxp2	0.723522027374
1705	/m/03kqf5	0.725551918045
1706	/m/03kpt9	0.690832006791
1707	/m/03kq52	0.687275805829
1708	/m/02bfj8	0.866441339823
1709	/m/03kqgb	0.814454583473
1710	/m/041j50	0.719818181389
1711	/m/03kpl7	0.88651243535
1712	/m/01rs7r	0.750102405512
1713	/m/0280gx	0.773208600881
1714	/m/0bhv_l	0.751224957656
1715	/m/05gm16l	0.788370127559
1716	/m/05pbwh	0.775856057802
1717	/m/015bjw	0.755608705868
1718	/m/0cysf_	0.758641608428
1719	/m/01cx7g	0.788796193736
1720	/m/03tw2s	0.71134556097
1721	/m/03fr0y	0.799295888604
1722	/m/0207yx	0.8037996192
1723	/m/01n0s7	0.772692915788
1724	/m/05bf4q	0.558917906754
1725	/m/064dyn	0.736033001336
1726	/m/011kn2	0.740219491627
1727	/m/05h5r4	0.685808569978
1728	/m/02tcv_	0.744991919154
1729	/m/02qd1f	0.672766748784
1730	/m/03sfp8	0.787456607553
1731	/m/03xnv5	0.819217119166
1732	/m/02zg4q	0.795013572728
1733	/m/050vcv	0.824603953781
1734	/m/025rxdy	0.85843955397
1735	/m/02lr9z	0.772689303665
1736	/m/04__wj	0.786108498835
1737	/m/04cd4c	0.78890319598
1738	/m/037k8z	0.86737696924
1739	/m/03szws	0.859710216417
1740	/m/05rm__	0.747364287992
1741	/m/02dnrn	0.804846465686
1742	/m/01gyr7	0.731814645928
1743	/m/037qq_	0.775229746245
1744	/m/097byf	0.77467092675
1745	/m/05pz_j	0.711502379471
1746	/m/0cr6tg	0.775100335661
1747	/m/032gn4	0.727225466961
1748	/m/02zccd	0.696220762212
1749	/m/0909wd	0.756114545614
1750	/m/04chyn	0.79966362862
1751	/m/02klny	0.791806149236
1752	/m/07wjk	0.89879485737
1753	/m/07wlt	0.801080198802
1754	/m/025sr8x	0.68857953228
1755	/m/0jpkw	0.792495369011
1756	/m/07c5fv	0.767102293539
1757	/m/01y9pk	0.775152767457
1758	/m/02st53	0.751139369492
1759	/m/02hg14	0.796534688475
1760	/m/02k4vl	0.811195797425
1761	/m/0220q6	0.800360895689
1762	/m/0c59s8	0.71160930597
1763	/m/03dzn_	0.782897530343
1764	/m/0285cw0	0.73378847769
1765	/m/032371	0.780457141943
1766	/m/02t9nq	0.780386796252
1767	/m/026z5rs	0.763990063501
1768	/m/0bz10v	0.734471728199
1769	/m/04qxpz	0.785398842374
1770	/m/037sk9	0.781038341483
1771	/m/02jjtg	0.744566664322
1772	/m/02cttt	0.641994174269
1773	/m/031gq7	0.750476049327
1774	/m/02xhkt	0.7449616414
1775	/m/02zr0z	0.777978076647
1776	/m/03v2q1	0.758147841047
1777	/m/04h7tn	0.717413621517
1778	/m/0df64c	0.707657422508
1779	/m/083ls	0.747483794698
1780	/m/046lgs	0.747567120135
1781	/m/01jq4b	0.822473730012
1782	/m/06832q	0.736912677948
1783	/m/045s_6	0.715985337049
1784	/m/015r27	0.722367806865
1785	/m/03cdxy2	0.736727403417
1786	/m/07lwfc	0.735506180075
1787	/m/05l0hv	0.757188938546
1788	/m/02pjdm	0.71369816645
1789	/m/03ysv6	0.766178933103
1790	/m/027vj2	0.764614799082
1791	/m/01n46p	0.750997136255
1792	/m/037s9x	0.816738397318
1793	/m/07wywq	0.773592301515
1794	/m/0b0p9p	0.760645239251
1795	/m/065n9c	0.762304877663
1796	/m/01s0_f	0.82977276694
1797	/m/02z0y2f	0.732768355425
1798	/m/035gx8	0.710468120379
1799	/m/027_j2p	0.757452584968
1800	/m/02zcz3	0.795711950917
1801	/m/05chjq	0.694375894353
1802	/m/02l8lt	0.726492280382
1803	/m/066823	0.766745951041
1804	/m/07tc0g	0.709833640101
1805	/m/04hb0l	0.727540451575
1806	/m/04wgfy	0.819469100166
1807	/m/04lbv7	0.762348269083
1808	/m/029fvh	0.801652245322
1809	/m/04lr53	0.796506179879
1810	/m/04lb1v	0.810420283689
1811	/m/04lbnf	0.720147502493
1812	/m/04pvqq	0.794935739513
1813	/m/01chgb	0.789133764157
1814	/m/07wn1b	0.769117034099
1815	/m/02zd2b	0.797113773002
1816	/m/04jsz5	0.735167725657
1817	/m/015fs3	0.825789381709
1818	/m/0gy4yw	0.734806223042
1819	/m/07pbmr	0.797503759224
1820	/m/08y_cl	0.786551164891
1821	/m/01jssp	0.796287376841
1822	/m/08p_p3	0.698905264868
1823	/m/077m01	0.635156509648
1824	/m/03f9l	0.39893934598
1825	/m/04s9mk	0.735144658214
1826	/m/041g_4	0.655538420699
1827	/m/027s3j	0.768611847984
1828	/m/0737yn	0.724869343578
1829	/m/024n53	0.743024910857
1830	/m/02qn_z	0.73265622057
1831	/m/01kkph	0.730054270098
1832	/m/01lqg1	0.723407051942
1833	/m/02t20y	0.747425487267
1834	/m/05lkx8	0.694438549965
1835	/m/0bwkpz	0.742101608463
1836	/m/09w02c	0.683987949242
1837	/m/05xb9z	0.762700395613
1838	/m/0bh0b7	0.753463853996
1839	/m/03_4zv	0.731983022004
1840	/m/02595g	0.730156302568
1841	/m/02594s	0.73046515157
1842	/m/07z3d0	0.715184020805
1843	/m/06rpwt	0.732967258236
1844	/m/02xw2f	0.776417286038
1845	/m/02ldlt	0.812583465706
1846	/m/0bry04	0.746380110567
1847	/m/035yzw	0.804317348824
1848	/m/09r9c_	0.719446937227
1849	/m/01q96q	0.786949918541
1850	/m/038jyb	0.764805040011
1851	/m/02bjh4	0.790936582784
1852	/m/05cfh4	0.758862073032
1853	/m/04q8yl	0.763766296777
1854	/m/0bwfn	0.867656276761
1855	/m/02m4sc	0.787714110345
1856	/m/0clvlpg	0
1857	/m/01f1r4	0.413199077472
1859	/m/04zjf0	0.768562388197
1860	/m/033w82	0.664387188853
1861		0
1862	/m/04xf0n	0.775932919396
1863	/m/01vg13	0.406592742513
1864	/m/0fnmz	0.86419709463
1865	/m/07f5b8	0.761459715278
1866	/m/04118cq	0.410028379611
1867		0
1868	/m/052p70	0.701077079833
1869	/m/0279l1	0.788844035341
1870	/m/07ccs	0.899007641513
1871	/m/0vb3ly0	0.486064124466
1872	/m/027jlk1	0.715540393937
1873	/m/02dq8f	0.771633435235
1874	/m/02nwb7	0.774846098163
1875	/m/02ldkf	0.808932328004
1876	/m/01t0dy	0.827898973696
1877	/m/04vz9r	0.78438314166
1878	/m/02gnjf	0.732207229042
1879	/m/0pz6q	0.864871982351
1880		0
1881	/m/08rk9b	0.640781121285
1882	/m/02g0gf	0.809729413864
1883	/m/01wv24	0.844349714098
1884		0
1885	/m/02gnjf	0.748581138787
1886	/m/02kth6	0.836189292576
1887	/m/06hnmh	0.343139905179
1888		0
1889	/m/01x3x1	0.826571990202
1890	/m/04hgpt	0.907459089787
1891	/m/06t0hd	0.691325780743
1892	/m/03kygh	0.731789974987
1893	/m/02d_zc	0.876784860362
1894	/m/03m3d1	0.777016860531
1895	/m/0clw9pr	0.663321415177
1896	/m/01x0jp	0.627585572785
1897	/m/0b4zyp	0.729896884799
1898	/m/02r2wpr	0.712722980286
1899	/m/02zd2b	0.777437624985
1900	/m/01y20v	0.800025264867
1901		0
1902	/m/0lyjf	0.876320328193
1903	/m/02gnjf	0.449430022873
1904	/m/052nd	0.829324123076
1905	/m/02jyr8	0.428511009816
1906	/m/0cfv1	0.787151527404
1907	/m/04lbnf	0.767517028652
1908	/m/04rwx	0.954550061329
1909	/m/02hg14	0.796534688475
1910	/m/0vkl2	0.904268786013
1911		0
1912	/m/02gnjf	0.449430022873
1913		0
1914	/m/0c_5g9	0.755373572205
1915	/m/03kygh	0.762391618288
1916	/m/0gn9_3	0.769342574343
1917	/m/025v3k	0.90475003335
1918	/m/045hc2	0.780370920768
1919	/m/03mbw11	0.775536803695
1920	/m/03gsyj	0.804988919219
1921	/m/02hwww	0.762640874562
1922	/m/01g6l8	0.66156527315
1923	/m/05mxkp	0.746346522399
1924	/m/0bx8pn	0.916691613067
1925	/m/0gl5_	0.869021417436
1926	/m/09shcp	0.66402982283
1927	/m/024818	0.787199725044
1928	/m/03nsp_5	0.742401688285
1929	/m/061s54	0.831735447132
1930	/m/03np_7	0.842913747588
1931	/m/02htx3	0.802305243429
1932		0
1933	/m/03csvtg	0.761872185247
1934	/m/05rm__	0.768190136325
1935	/m/0dz693	0.707704308786
1936	/m/04my63	0.631895975886
1937	/m/07vhb	0.806709230531
1938	/m/01xvlc	0.778009545758
1939	/m/0hsb3	0.76294706997
1940	/m/0hsb3	0.916157781919
1941	/m/01ny2p	0.679050358988
1942	/m/02q8_2v	0.633814524136
1943		0
1944	/m/0clvlzg	0.777667702919
1945	/m/046vm	0.745939805428
1946	/m/0trv	0.9002248733
1947	/m/04chyn	0.857864818548
1948	/m/01pj48	0.798997480099
1949	/m/022lly	0.80624106639
1950	/m/03kwls	0.778179670069
1951	/m/024818	0.787199725044
1952	/m/02f4s3	0.880021331843
1953	/m/02hwww	0.774600462307
1954	/m/0cnnk1	0.484464928861
1955		0
1956	/m/02h659	0.761022651595
1957	/m/02hwww	0.774600462307
1958	/m/0bjqh	0.31601482899
1959	/m/01yx1b	0.949245556941
1960	/m/050xpd	0.761598744242
1961	/m/0187n1	0.808634262111
1962	/m/06v_pw	0.415093833031
1963	/m/01x0jp	0.783006924249
1964		0
1965	/m/04l915	0.544628926437
1966	/m/01p896	0.785267423204
1967	/m/01ptt7	0.851407674614
1968	/m/01ptt7	0.851407674614
1969	/m/015q1n	0.877330392383
1970	/m/026m3y	0.846647484809
1971	/m/016c9h	0.853908779827
1972	/m/02p9xn	0.723191848898
1973	/m/0c4wbc	0.503006159988
1974	/m/07vk2	0.829591766157
1975	/m/04hgpt	0.870928907891
1976	/m/03ww_5	0.766261231432
1977	/m/01xk7r	0.789504851799
1978	/m/013807	0.836504674961
1979	/m/01wdj_	0.823145914692
1980	/m/016c9h	0.447008138603
1981	/m/01yqqv	0.772100616196
1982	/m/02vpg0	0.734016455173
1983	/m/03v6t	0.872428346047
1984	/m/04x8mj	0.823893270446
1985		0
1986	/m/04gz95	0.269044028892
1987	/m/0ks67	0.868761934263
1988	/m/025v3k	0.90475003335
1989	/m/02nf69	0.876918605265
1990	/m/01hb1t	0.828242691515
1991	/m/08rk9b	0.774458024407
1992	/m/0388r7	0.744973928855
1993	/m/02bfj8	0.866441339823
1994	/m/0bjqh	0.847752458758
1995	/m/02bfj8	0.866441339823
1996	/m/03d405k	0.682134533819
1997	/m/0jksm	0.762426967488
1998	/m/09c0ln	0.765034212321
1999	/m/07my0b	0.709947604064
2000	/m/075z01	0.72385890976
2001		0
2002	/m/07vhb	0.898396090929
2003	/m/01qrb2	0.900625365208
2004	/m/0438f	0.351651328713
2005	/m/02qvmtf	0.747926314615
2006	/m/06g9gh	0.745680582327
2007		0
2008	/m/020ddc	0.794572427676
2009	/m/014jyk	0.816305776383
2010		0
2011		0
2012		0
2013	/m/029fvh	0.766848959305
2014	/m/08815	0.614648120232
2015	/m/02lvvt	0.684387213532
2016	/m/02m9jp	0.728091617183
2017	/m/0344bc	0.450711121968
